{
	"class_name" : "PinholeCameraParameters",
	"extrinsic" : 
	[
		0.96698705380979499,
		0.086259231714722981,
		-0.23978194825348836,
		0.0,
		0.070113324498887949,
		-0.99470914130719412,
		-0.075085590679025205,
		0.0,
		-0.24499012121301236,
		0.055794884567406382,
		-0.96791878345455384,
		0.0,
		0.0056466096975451574,
		-0.014080374799817857,
		2.311423872094863,
		1.0
	],
	"intrinsic" : 
	{
		"height" : 1050,
		"intrinsic_matrix" : 
		[
			909.3266739736606,
			0.0,
			0.0,
			0.0,
			909.3266739736606,
			0.0,
			959.5,
			524.5,
			1.0
		],
		"width" : 1920
	},
	"version_major" : 1,
	"version_minor" : 0
}